"anio","variable","valor","unidad_medida"
2026,Poblacion Total,8200000000.0000,Habitantes
2026,Cobertura Forestal Disponible,0.3000,Fracción (0.0 a 1.0)
2026,Consumo de Madera por Persona,0.5000,Ton/Hab/Año
2026,Tasa de Reforestacion Natural,0.0200,Fraccion Anual
2027,Poblacion Total,8282000000.0000,Habitantes
2027,Cobertura Forestal Disponible,0.2940,Fracción (0.0 a 1.0)
2027,Consumo de Madera por Persona,0.4900,Ton/Hab/Año
2027,Tasa de Reforestacion Natural,0.0196,Fraccion Anual
2028,Poblacion Total,8364820000.0000,Habitantes
2028,Cobertura Forestal Disponible,0.2881,Fracción (0.0 a 1.0)
2028,Consumo de Madera por Persona,0.4802,Ton/Hab/Año
2028,Tasa de Reforestacion Natural,0.0192,Fraccion Anual
2029,Poblacion Total,8448468200.0000,Habitantes
2029,Cobertura Forestal Disponible,0.2823,Fracción (0.0 a 1.0)
2029,Consumo de Madera por Persona,0.4706,Ton/Hab/Año
2029,Tasa de Reforestacion Natural,0.0188,Fraccion Anual
2030,Poblacion Total,8532952882.0000,Habitantes
2030,Cobertura Forestal Disponible,0.2767,Fracción (0.0 a 1.0)
2030,Consumo de Madera por Persona,0.4612,Ton/Hab/Año
2030,Tasa de Reforestacion Natural,0.0184,Fraccion Anual
2031,Poblacion Total,8618282410.8200,Habitantes
2031,Cobertura Forestal Disponible,0.2712,Fracción (0.0 a 1.0)
2031,Consumo de Madera por Persona,0.4520,Ton/Hab/Año
2031,Tasa de Reforestacion Natural,0.0180,Fraccion Anual
2032,Poblacion Total,8704465234.9282,Habitantes
2032,Cobertura Forestal Disponible,0.2658,Fracción (0.0 a 1.0)
2032,Consumo de Madera por Persona,0.4430,Ton/Hab/Año
2032,Tasa de Reforestacion Natural,0.0176,Fraccion Anual
2033,Poblacion Total,8791509887.2775,Habitantes
2033,Cobertura Forestal Disponible,0.2605,Fracción (0.0 a 1.0)
2033,Consumo de Madera por Persona,0.4341,Ton/Hab/Año
2033,Tasa de Reforestacion Natural,0.0172,Fraccion Anual
2034,Poblacion Total,8879424986.1503,Habitantes
2034,Cobertura Forestal Disponible,0.2553,Fracción (0.0 a 1.0)
2034,Consumo de Madera por Persona,0.4254,Ton/Hab/Año
2034,Tasa de Reforestacion Natural,0.0169,Fraccion Anual
2035,Poblacion Total,8968219236.0118,Habitantes
2035,Cobertura Forestal Disponible,0.2502,Fracción (0.0 a 1.0)
2035,Consumo de Madera por Persona,0.4169,Ton/Hab/Año
2035,Tasa de Reforestacion Natural,0.0166,Fraccion Anual
2036,Poblacion Total,9057901428.3719,Habitantes
2036,Cobertura Forestal Disponible,0.2452,Fracción (0.0 a 1.0)
2036,Consumo de Madera por Persona,0.4086,Ton/Hab/Año
2036,Tasa de Reforestacion Natural,0.0163,Fraccion Anual
2037,Poblacion Total,9148480442.6556,Habitantes
2037,Cobertura Forestal Disponible,0.2403,Fracción (0.0 a 1.0)
2037,Consumo de Madera por Persona,0.4004,Ton/Hab/Año
2037,Tasa de Reforestacion Natural,0.0160,Fraccion Anual
2038,Poblacion Total,9239965247.0822,Habitantes
2038,Cobertura Forestal Disponible,0.2355,Fracción (0.0 a 1.0)
2038,Consumo de Madera por Persona,0.3924,Ton/Hab/Año
2038,Tasa de Reforestacion Natural,0.0157,Fraccion Anual
2039,Poblacion Total,9332364899.5530,Habitantes
2039,Cobertura Forestal Disponible,0.2308,Fracción (0.0 a 1.0)
2039,Consumo de Madera por Persona,0.3846,Ton/Hab/Año
2039,Tasa de Reforestacion Natural,0.0154,Fraccion Anual
2040,Poblacion Total,9425688548.5485,Habitantes
2040,Cobertura Forestal Disponible,0.2262,Fracción (0.0 a 1.0)
2040,Consumo de Madera por Persona,0.3769,Ton/Hab/Año
2040,Tasa de Reforestacion Natural,0.0151,Fraccion Anual
2041,Poblacion Total,9519945434.0340,Habitantes
2041,Cobertura Forestal Disponible,0.2217,Fracción (0.0 a 1.0)
2041,Consumo de Madera por Persona,0.3694,Ton/Hab/Año
2041,Tasa de Reforestacion Natural,0.0148,Fraccion Anual
2042,Poblacion Total,9615144888.3743,Habitantes
2042,Cobertura Forestal Disponible,0.2173,Fracción (0.0 a 1.0)
2042,Consumo de Madera por Persona,0.3620,Ton/Hab/Año
2042,Tasa de Reforestacion Natural,0.0145,Fraccion Anual
2043,Poblacion Total,9711296337.2580,Habitantes
2043,Cobertura Forestal Disponible,0.2130,Fracción (0.0 a 1.0)
2043,Consumo de Madera por Persona,0.3548,Ton/Hab/Año
2043,Tasa de Reforestacion Natural,0.0142,Fraccion Anual
2044,Poblacion Total,9808409300.6306,Habitantes
2044,Cobertura Forestal Disponible,0.2087,Fracción (0.0 a 1.0)
2044,Consumo de Madera por Persona,0.3477,Ton/Hab/Año
2044,Tasa de Reforestacion Natural,0.0139,Fraccion Anual
2045,Poblacion Total,9906493393.6369,Habitantes
2045,Cobertura Forestal Disponible,0.2045,Fracción (0.0 a 1.0)
2045,Consumo de Madera por Persona,0.3407,Ton/Hab/Año
2045,Tasa de Reforestacion Natural,0.0136,Fraccion Anual
2046,Poblacion Total,10005558327.5733,Habitantes
2046,Cobertura Forestal Disponible,0.2004,Fracción (0.0 a 1.0)
2046,Consumo de Madera por Persona,0.3339,Ton/Hab/Año
2046,Tasa de Reforestacion Natural,0.0133,Fraccion Anual
2047,Poblacion Total,10105613910.8490,Habitantes
2047,Cobertura Forestal Disponible,0.1964,Fracción (0.0 a 1.0)
2047,Consumo de Madera por Persona,0.3272,Ton/Hab/Año
2047,Tasa de Reforestacion Natural,0.0130,Fraccion Anual
2048,Poblacion Total,10206670049.9575,Habitantes
2048,Cobertura Forestal Disponible,0.1925,Fracción (0.0 a 1.0)
2048,Consumo de Madera por Persona,0.3207,Ton/Hab/Año
2048,Tasa de Reforestacion Natural,0.0127,Fraccion Anual
2049,Poblacion Total,10308736750.4571,Habitantes
2049,Cobertura Forestal Disponible,0.1887,Fracción (0.0 a 1.0)
2049,Consumo de Madera por Persona,0.3143,Ton/Hab/Año
2049,Tasa de Reforestacion Natural,0.0124,Fraccion Anual
2050,Poblacion Total,10411824117.9617,Habitantes
2050,Cobertura Forestal Disponible,0.1849,Fracción (0.0 a 1.0)
2050,Consumo de Madera por Persona,0.3080,Ton/Hab/Año
2050,Tasa de Reforestacion Natural,0.0122,Fraccion Anual
2051,Poblacion Total,10515942359.1413,Habitantes
2051,Cobertura Forestal Disponible,0.1812,Fracción (0.0 a 1.0)
2051,Consumo de Madera por Persona,0.3018,Ton/Hab/Año
2051,Tasa de Reforestacion Natural,0.0120,Fraccion Anual
2052,Poblacion Total,10621101782.7327,Habitantes
2052,Cobertura Forestal Disponible,0.1776,Fracción (0.0 a 1.0)
2052,Consumo de Madera por Persona,0.2958,Ton/Hab/Año
2052,Tasa de Reforestacion Natural,0.0118,Fraccion Anual
2053,Poblacion Total,10727312800.5600,Habitantes
2053,Cobertura Forestal Disponible,0.1740,Fracción (0.0 a 1.0)
2053,Consumo de Madera por Persona,0.2899,Ton/Hab/Año
2053,Tasa de Reforestacion Natural,0.0116,Fraccion Anual
2054,Poblacion Total,10834585928.5656,Habitantes
2054,Cobertura Forestal Disponible,0.1705,Fracción (0.0 a 1.0)
2054,Consumo de Madera por Persona,0.2841,Ton/Hab/Año
2054,Tasa de Reforestacion Natural,0.0114,Fraccion Anual
2055,Poblacion Total,10942931787.8513,Habitantes
2055,Cobertura Forestal Disponible,0.1671,Fracción (0.0 a 1.0)
2055,Consumo de Madera por Persona,0.2784,Ton/Hab/Año
2055,Tasa de Reforestacion Natural,0.0112,Fraccion Anual
2056,Poblacion Total,11052361105.7298,Habitantes
2056,Cobertura Forestal Disponible,0.1638,Fracción (0.0 a 1.0)
2056,Consumo de Madera por Persona,0.2728,Ton/Hab/Año
2056,Tasa de Reforestacion Natural,0.0110,Fraccion Anual
2057,Poblacion Total,11162884716.7871,Habitantes
2057,Cobertura Forestal Disponible,0.1605,Fracción (0.0 a 1.0)
2057,Consumo de Madera por Persona,0.2673,Ton/Hab/Año
2057,Tasa de Reforestacion Natural,0.0108,Fraccion Anual
2058,Poblacion Total,11274513563.9550,Habitantes
2058,Cobertura Forestal Disponible,0.1573,Fracción (0.0 a 1.0)
2058,Consumo de Madera por Persona,0.2620,Ton/Hab/Año
2058,Tasa de Reforestacion Natural,0.0106,Fraccion Anual
2059,Poblacion Total,11387258699.5946,Habitantes
2059,Cobertura Forestal Disponible,0.1542,Fracción (0.0 a 1.0)
2059,Consumo de Madera por Persona,0.2568,Ton/Hab/Año
2059,Tasa de Reforestacion Natural,0.0104,Fraccion Anual
2060,Poblacion Total,11501131286.5905,Habitantes
2060,Cobertura Forestal Disponible,0.1511,Fracción (0.0 a 1.0)
2060,Consumo de Madera por Persona,0.2517,Ton/Hab/Año
2060,Tasa de Reforestacion Natural,0.0102,Fraccion Anual
2061,Poblacion Total,11616142599.4564,Habitantes
2061,Cobertura Forestal Disponible,0.1481,Fracción (0.0 a 1.0)
2061,Consumo de Madera por Persona,0.2467,Ton/Hab/Año
2061,Tasa de Reforestacion Natural,0.0100,Fraccion Anual
2062,Poblacion Total,11732304025.4510,Habitantes
2062,Cobertura Forestal Disponible,0.1451,Fracción (0.0 a 1.0)
2062,Consumo de Madera por Persona,0.2418,Ton/Hab/Año
2062,Tasa de Reforestacion Natural,0.0098,Fraccion Anual
2063,Poblacion Total,11849627065.7055,Habitantes
2063,Cobertura Forestal Disponible,0.1422,Fracción (0.0 a 1.0)
2063,Consumo de Madera por Persona,0.2370,Ton/Hab/Año
2063,Tasa de Reforestacion Natural,0.0096,Fraccion Anual
2064,Poblacion Total,11968123336.3626,Habitantes
2064,Cobertura Forestal Disponible,0.1394,Fracción (0.0 a 1.0)
2064,Consumo de Madera por Persona,0.2323,Ton/Hab/Año
2064,Tasa de Reforestacion Natural,0.0094,Fraccion Anual
2065,Poblacion Total,12087804569.7262,Habitantes
2065,Cobertura Forestal Disponible,0.1366,Fracción (0.0 a 1.0)
2065,Consumo de Madera por Persona,0.2277,Ton/Hab/Año
2065,Tasa de Reforestacion Natural,0.0092,Fraccion Anual
2066,Poblacion Total,12208682615.4235,Habitantes
2066,Cobertura Forestal Disponible,0.1339,Fracción (0.0 a 1.0)
2066,Consumo de Madera por Persona,0.2231,Ton/Hab/Año
2066,Tasa de Reforestacion Natural,0.0090,Fraccion Anual
2067,Poblacion Total,12330769441.5777,Habitantes
2067,Cobertura Forestal Disponible,0.1312,Fracción (0.0 a 1.0)
2067,Consumo de Madera por Persona,0.2186,Ton/Hab/Año
2067,Tasa de Reforestacion Natural,0.0088,Fraccion Anual
2068,Poblacion Total,12454077135.9935,Habitantes
2068,Cobertura Forestal Disponible,0.1286,Fracción (0.0 a 1.0)
2068,Consumo de Madera por Persona,0.2142,Ton/Hab/Año
2068,Tasa de Reforestacion Natural,0.0086,Fraccion Anual
2069,Poblacion Total,12578617907.3534,Habitantes
2069,Cobertura Forestal Disponible,0.1260,Fracción (0.0 a 1.0)
2069,Consumo de Madera por Persona,0.2099,Ton/Hab/Año
2069,Tasa de Reforestacion Natural,0.0084,Fraccion Anual
2070,Poblacion Total,12704404086.4269,Habitantes
2070,Cobertura Forestal Disponible,0.1235,Fracción (0.0 a 1.0)
2070,Consumo de Madera por Persona,0.2057,Ton/Hab/Año
2070,Tasa de Reforestacion Natural,0.0082,Fraccion Anual
2071,Poblacion Total,12831448127.2912,Habitantes
2071,Cobertura Forestal Disponible,0.1210,Fracción (0.0 a 1.0)
2071,Consumo de Madera por Persona,0.2016,Ton/Hab/Año
2071,Tasa de Reforestacion Natural,0.0080,Fraccion Anual
2072,Poblacion Total,12959762608.5641,Habitantes
2072,Cobertura Forestal Disponible,0.1186,Fracción (0.0 a 1.0)
2072,Consumo de Madera por Persona,0.1976,Ton/Hab/Año
2072,Tasa de Reforestacion Natural,0.0078,Fraccion Anual
2073,Poblacion Total,13089360234.6497,Habitantes
2073,Cobertura Forestal Disponible,0.1162,Fracción (0.0 a 1.0)
2073,Consumo de Madera por Persona,0.1936,Ton/Hab/Año
2073,Tasa de Reforestacion Natural,0.0076,Fraccion Anual
2074,Poblacion Total,13220253836.9962,Habitantes
2074,Cobertura Forestal Disponible,0.1139,Fracción (0.0 a 1.0)
2074,Consumo de Madera por Persona,0.1897,Ton/Hab/Año
2074,Tasa de Reforestacion Natural,0.0074,Fraccion Anual
2075,Poblacion Total,13352456375.3662,Habitantes
2075,Cobertura Forestal Disponible,0.1116,Fracción (0.0 a 1.0)
2075,Consumo de Madera por Persona,0.1859,Ton/Hab/Año
2075,Tasa de Reforestacion Natural,0.0073,Fraccion Anual
2076,Poblacion Total,13485980939.1199,Habitantes
2076,Cobertura Forestal Disponible,0.1094,Fracción (0.0 a 1.0)
2076,Consumo de Madera por Persona,0.1822,Ton/Hab/Año
2076,Tasa de Reforestacion Natural,0.0072,Fraccion Anual
2077,Poblacion Total,13620840748.5111,Habitantes
2077,Cobertura Forestal Disponible,0.1072,Fracción (0.0 a 1.0)
2077,Consumo de Madera por Persona,0.1786,Ton/Hab/Año
2077,Tasa de Reforestacion Natural,0.0071,Fraccion Anual
2078,Poblacion Total,13757049155.9962,Habitantes
2078,Cobertura Forestal Disponible,0.1051,Fracción (0.0 a 1.0)
2078,Consumo de Madera por Persona,0.1750,Ton/Hab/Año
2078,Tasa de Reforestacion Natural,0.0070,Fraccion Anual
2079,Poblacion Total,13894619647.5562,Habitantes
2079,Cobertura Forestal Disponible,0.1030,Fracción (0.0 a 1.0)
2079,Consumo de Madera por Persona,0.1715,Ton/Hab/Año
2079,Tasa de Reforestacion Natural,0.0069,Fraccion Anual
2080,Poblacion Total,14033565844.0318,Habitantes
2080,Cobertura Forestal Disponible,0.1009,Fracción (0.0 a 1.0)
2080,Consumo de Madera por Persona,0.1681,Ton/Hab/Año
2080,Tasa de Reforestacion Natural,0.0068,Fraccion Anual
2081,Poblacion Total,14173901502.4721,Habitantes
2081,Cobertura Forestal Disponible,0.0989,Fracción (0.0 a 1.0)
2081,Consumo de Madera por Persona,0.1647,Ton/Hab/Año
2081,Tasa de Reforestacion Natural,0.0067,Fraccion Anual
2082,Poblacion Total,14315640517.4968,Habitantes
2082,Cobertura Forestal Disponible,0.0969,Fracción (0.0 a 1.0)
2082,Consumo de Madera por Persona,0.1614,Ton/Hab/Año
2082,Tasa de Reforestacion Natural,0.0066,Fraccion Anual
2083,Poblacion Total,14458796922.6718,Habitantes
2083,Cobertura Forestal Disponible,0.0950,Fracción (0.0 a 1.0)
2083,Consumo de Madera por Persona,0.1582,Ton/Hab/Año
2083,Tasa de Reforestacion Natural,0.0065,Fraccion Anual
2084,Poblacion Total,14603384891.8985,Habitantes
2084,Cobertura Forestal Disponible,0.0931,Fracción (0.0 a 1.0)
2084,Consumo de Madera por Persona,0.1550,Ton/Hab/Año
2084,Tasa de Reforestacion Natural,0.0064,Fraccion Anual
2085,Poblacion Total,14749418740.8175,Habitantes
2085,Cobertura Forestal Disponible,0.0912,Fracción (0.0 a 1.0)
2085,Consumo de Madera por Persona,0.1519,Ton/Hab/Año
2085,Tasa de Reforestacion Natural,0.0063,Fraccion Anual
2086,Poblacion Total,14896912928.2257,Habitantes
2086,Cobertura Forestal Disponible,0.0894,Fracción (0.0 a 1.0)
2086,Consumo de Madera por Persona,0.1489,Ton/Hab/Año
2086,Tasa de Reforestacion Natural,0.0062,Fraccion Anual
2087,Poblacion Total,15045882057.5080,Habitantes
2087,Cobertura Forestal Disponible,0.0876,Fracción (0.0 a 1.0)
2087,Consumo de Madera por Persona,0.1459,Ton/Hab/Año
2087,Tasa de Reforestacion Natural,0.0061,Fraccion Anual
2088,Poblacion Total,15196340878.0831,Habitantes
2088,Cobertura Forestal Disponible,0.0858,Fracción (0.0 a 1.0)
2088,Consumo de Madera por Persona,0.1430,Ton/Hab/Año
2088,Tasa de Reforestacion Natural,0.0060,Fraccion Anual
2089,Poblacion Total,15348304286.8639,Habitantes
2089,Cobertura Forestal Disponible,0.0841,Fracción (0.0 a 1.0)
2089,Consumo de Madera por Persona,0.1401,Ton/Hab/Año
2089,Tasa de Reforestacion Natural,0.0059,Fraccion Anual
2090,Poblacion Total,15501787329.7325,Habitantes
2090,Cobertura Forestal Disponible,0.0824,Fracción (0.0 a 1.0)
2090,Consumo de Madera por Persona,0.1373,Ton/Hab/Año
2090,Tasa de Reforestacion Natural,0.0058,Fraccion Anual
2091,Poblacion Total,15656805203.0298,Habitantes
2091,Cobertura Forestal Disponible,0.0808,Fracción (0.0 a 1.0)
2091,Consumo de Madera por Persona,0.1346,Ton/Hab/Año
2091,Tasa de Reforestacion Natural,0.0057,Fraccion Anual
2092,Poblacion Total,15813373255.0601,Habitantes
2092,Cobertura Forestal Disponible,0.0792,Fracción (0.0 a 1.0)
2092,Consumo de Madera por Persona,0.1319,Ton/Hab/Año
2092,Tasa de Reforestacion Natural,0.0056,Fraccion Anual
2093,Poblacion Total,15971506987.6107,Habitantes
2093,Cobertura Forestal Disponible,0.0776,Fracción (0.0 a 1.0)
2093,Consumo de Madera por Persona,0.1293,Ton/Hab/Año
2093,Tasa de Reforestacion Natural,0.0055,Fraccion Anual
2094,Poblacion Total,16131222057.4868,Habitantes
2094,Cobertura Forestal Disponible,0.0760,Fracción (0.0 a 1.0)
2094,Consumo de Madera por Persona,0.1267,Ton/Hab/Año
2094,Tasa de Reforestacion Natural,0.0054,Fraccion Anual
2095,Poblacion Total,16292534278.0617,Habitantes
2095,Cobertura Forestal Disponible,0.0745,Fracción (0.0 a 1.0)
2095,Consumo de Madera por Persona,0.1242,Ton/Hab/Año
2095,Tasa de Reforestacion Natural,0.0053,Fraccion Anual
2096,Poblacion Total,16455459620.8423,Habitantes
2096,Cobertura Forestal Disponible,0.0730,Fracción (0.0 a 1.0)
2096,Consumo de Madera por Persona,0.1217,Ton/Hab/Año
2096,Tasa de Reforestacion Natural,0.0052,Fraccion Anual
2097,Poblacion Total,16620014217.0507,Habitantes
2097,Cobertura Forestal Disponible,0.0715,Fracción (0.0 a 1.0)
2097,Consumo de Madera por Persona,0.1193,Ton/Hab/Año
2097,Tasa de Reforestacion Natural,0.0051,Fraccion Anual
2098,Poblacion Total,16786214359.2212,Habitantes
2098,Cobertura Forestal Disponible,0.0701,Fracción (0.0 a 1.0)
2098,Consumo de Madera por Persona,0.1169,Ton/Hab/Año
2098,Tasa de Reforestacion Natural,0.0050,Fraccion Anual
2099,Poblacion Total,16954076502.8134,Habitantes
2099,Cobertura Forestal Disponible,0.0687,Fracción (0.0 a 1.0)
2099,Consumo de Madera por Persona,0.1146,Ton/Hab/Año
2099,Tasa de Reforestacion Natural,0.0049,Fraccion Anual
2100,Poblacion Total,17123617267.8415,Habitantes
2100,Cobertura Forestal Disponible,0.0673,Fracción (0.0 a 1.0)
2100,Consumo de Madera por Persona,0.1123,Ton/Hab/Año
2100,Tasa de Reforestacion Natural,0.0048,Fraccion Anual
